id,age (years),"education level (0=none/primary,1=secondary,2=higher)",consanguinity,desired pregnancy,hypertension history,diabetes mellitus,gravidity (number),parity (number),abortions (number),living children (number),previous cesarean,bmi pregestational (kg/m2),mean systolic bp (mmhg),mean diastolic bp (mmhg),hemoglobin (g/dl),first fasting glucose (mg/dl),proteinuria,hiv test result,syphilis test result,hepatitis c test result,gestational age at enrollment (weeks),gestational dm,gestational age at birth (weeks),preterm birth,"type of delivery (0=vaginal,1=cesarean)","newborn sex (0=female,1=male)",child birth weight (g),head circumference (cm),breastfeeding initiated,referral to higher care
1,24,2,0,1,0,0,2,2,0,2,1,31.7,92.8,71.2,13.6,76.6,0,0,0,0,24.1,0,40.5,0,1,0,4763,40,1,0
2,35,1,0,1,0,0,5,2,2,2,1,23.58,100.2,57.6,12.5,87.6,0,0,0,0,15.2,0,36.9,1,0,0,3859,36.9,1,1
3,23,1,0,1,0,0,2,1,1,1,0,25.85,103.2,48.8,12.3,87,0,0,0,0,8.3,0,41.8,0,0,0,4800,40,1,0
4,27,1,0,1,0,0,4,4,0,3,0,28.9,88.6,63.4,11.9,80.9,0,0,0,0,17.4,0,38,0,0,0,4164,37.5,1,0
5,25,0,0,0,0,0,2,2,0,2,0,24.7,106.1,55.2,12.4,93.6,0,0,0,0,17.2,0,41,0,0,1,4445,40,1,0
6,31,0,0,1,0,0,3,2,,2,0,24.53,100.7,66.4,,,0,0,0,1,6,0,37.7,0,1,1,4210,38.1,1,0
7,25,1,0,0,0,0,2,2,0,2,0,27.49,110.6,61,11.6,74.5,0,0,0,0,13.8,0,37.8,0,0,1,4004,,1,0
8,15,0,0,1,0,0,4,3,1,3,1,16.52,90.6,50.3,,58.8,0,0,0,,14.6,0,39.4,0,0,1,4326,39.3,1,0
9,28,2,0,1,0,0,2,1,0,1,0,28.55,100.4,42.4,13.7,82.1,0,1,0,0,10.9,1,35,1,0,1,3698,35,1,1
10,25,0,1,1,0,0,3,3,0,3,0,28.87,104.7,68.2,9.2,60.7,0,0,0,0,17,0,39.4,0,1,1,4648,40,1,0
11,27,0,0,0,0,0,2,2,0,2,0,26.54,91.3,58.1,10.1,91.7,0,,0,0,16,0,42,0,0,1,4573,40,1,0
12,32,2,0,1,0,0,2,2,0,2,0,26.12,95.8,73.4,11.6,61.5,0,0,0,0,12.6,0,39.5,0,0,1,4216,40,1,0
13,36,0,1,0,0,0,2,2,0,2,0,26.92,86.1,55.8,12.6,86.8,0,0,0,0,13.8,0,39.9,0,1,0,4543,39.3,1,0
14,28,0,0,0,0,0,1,1,0,1,0,33.52,100.4,57,12.1,89.7,0,,0,0,11.1,0,40.2,0,0,1,4800,38.9,1,0
15,25,0,0,0,0,0,2,2,0,2,0,20.95,114,60.1,11.4,65.9,0,0,0,0,16.6,0,35.8,1,0,1,4170,,1,0
16,19,1,0,1,1,0,1,0,0,0,0,20.57,92.8,57.4,12.5,80,0,0,0,0,10.7,0,39.8,0,0,1,4800,,1,0
17,27,1,1,1,0,0,4,4,0,4,0,27.59,79,56.7,9.1,70.8,0,0,0,0,14.7,0,41.4,0,0,1,4800,40,1,0
18,30,1,0,1,0,0,1,1,0,1,0,27.38,102.1,62.1,9.9,89.6,0,0,0,0,10.8,0,37.9,0,0,1,4326,38.6,1,0
19,27,1,0,0,0,0,2,0,1,0,0,30.85,105.8,70.6,13,,0,0,0,0,14.6,0,38.1,0,0,1,4101,38.7,1,0
20,40,,0,0,0,0,1,1,,1,0,20.91,90.7,42.3,11.4,76,0,0,0,0,10.9,0,37,0,1,0,3756,40,1,0
21,35,1,0,1,0,0,3,2,0,2,0,21.89,92.1,57.8,13.8,89.5,0,0,0,0,9.2,0,41.2,0,0,0,4800,40,0,0
22,29,1,1,1,0,0,6,5,0,5,0,22.68,96.2,62.7,13.3,78.7,1,0,0,0,15.6,0,38.6,0,1,1,4028,39.8,1,0
23,22,,0,1,0,0,6,5,0,5,1,33.88,91.8,61.4,,91.2,0,0,0,0,13.6,0,40,0,0,0,4194,40,1,0
24,31,0,1,1,0,0,2,2,0,2,0,30.35,93.8,63,11.5,90.4,0,0,0,0,18.4,1,39.4,0,0,1,4256,40,1,0
25,15,2,0,0,0,0,5,5,0,5,0,31.14,103.7,57.8,,76.7,0,0,0,0,15,0,39.2,0,1,0,4531,40,1,0
26,21,0,0,1,1,0,4,3,0,3,0,27.39,98.8,71.5,12.5,91.4,0,0,0,0,12.2,0,39.8,0,0,0,4421,40,0,0
27,32,,0,1,0,0,2,2,0,2,1,29.38,92.7,70.4,12.6,,0,0,0,,10.4,0,34.8,1,0,0,3357,35.1,0,1
28,29,2,0,1,0,0,2,2,0,2,0,15.36,83,53.5,13.1,79.3,0,0,0,0,14,0,39.2,0,0,1,4699,40,1,0
29,26,1,0,1,0,0,5,5,0,5,1,33.65,104.7,63.2,9.1,68.8,0,0,0,0,14.7,0,41.4,0,0,1,4800,,1,0
30,25,0,0,0,0,0,4,4,0,4,0,29.9,107.8,70,13.1,,0,0,0,0,18.7,0,40.9,0,0,1,4652,40,1,0
31,17,2,0,1,0,0,3,3,0,3,0,31.71,102.1,63.7,11.5,79.9,1,0,0,0,8,0,40.3,0,1,0,4469,40,1,0
32,27,1,0,1,0,0,1,0,0,0,0,30.37,118.2,60.1,10.8,65.3,0,0,0,0,19.2,0,40.1,0,0,0,4594,,1,0
33,30,,1,0,0,0,5,5,0,5,0,26.21,97.6,64.7,14.1,,0,0,0,0,8.9,0,38.8,0,0,1,4330,39.6,1,0
34,28,1,0,1,1,0,3,3,0,2,1,27.12,106.6,63.8,11.9,,0,0,0,0,6.7,0,37.6,0,0,0,4110,39.4,1,0
35,32,1,0,1,0,0,2,1,1,1,0,22.08,120,62.1,10,76.8,0,0,0,0,13.9,0,39.2,0,0,1,4800,,1,0
36,25,2,0,1,0,0,4,0,4,0,0,34.21,98.4,61,12,63,0,0,0,0,10.4,0,38.1,0,0,0,4176,37.8,1,0
37,23,1,0,1,0,0,2,1,0,1,0,29.66,91.1,62.7,11.3,,0,0,0,0,21.4,0,40.9,0,0,0,4800,40,1,0
38,25,1,0,1,0,0,1,1,,1,0,25.16,106.5,67.2,,63.3,0,0,0,0,13.8,0,37.3,0,1,0,3860,37.9,1,0
39,34,1,0,1,0,0,1,1,0,1,0,22.69,112.1,50,,106.7,0,0,0,0,15.3,0,37.8,0,0,1,4188,37.6,1,0
40,22,,0,1,0,0,4,3,,3,0,24.18,88.2,57.7,9,72.8,0,0,0,0,15,0,40.5,0,0,1,4449,40,1,0
41,20,0,0,1,0,0,3,2,0,2,0,24.53,93.5,63.3,12.4,89.6,0,0,0,0,15,0,36.9,1,0,0,4029,,1,1
42,15,0,0,1,0,0,2,2,0,2,0,30.49,98.2,61.3,14,98.6,0,0,0,0,15.7,0,39,0,0,0,4156,,1,0
43,25,0,0,1,0,0,2,2,0,2,1,18.97,84.4,71,13.7,71.3,0,0,0,0,11.5,0,38.1,0,1,0,3799,39.3,1,0
44,19,2,0,0,0,0,1,1,0,1,0,35.21,105.3,56,,,0,0,0,0,19.2,0,39.6,0,0,1,4658,40,0,0
45,24,1,0,0,0,0,2,2,0,2,0,21.42,89.8,54.3,9.6,90.7,0,0,0,0,22,0,37.9,0,0,0,3724,38.9,1,0
46,21,1,0,1,0,0,2,2,0,2,0,25.69,87.9,54.1,12.1,79.2,0,0,0,0,9.8,0,40.8,0,0,1,4230,,1,0
47,31,2,0,1,0,0,3,3,0,2,0,23.31,106.1,66.9,,,1,0,0,0,11.4,0,38.2,0,0,0,3856,39.1,1,0
48,26,2,0,1,0,0,6,6,0,6,1,25.99,90.3,54.8,13,69.4,0,0,0,0,17.5,0,37.6,0,0,0,3399,39.6,1,0
49,22,0,0,1,0,0,2,2,0,2,1,34,107,64.4,14,62,0,0,0,0,9.8,0,38.4,0,1,1,4800,38.9,1,0
50,29,0,1,1,0,0,3,2,1,2,0,24.01,96.7,57,11.9,,0,0,0,0,10.9,0,35.8,1,0,0,3390,36.4,1,0
51,19,0,0,1,0,0,4,4,0,4,0,,74.4,48.5,12.6,80.3,0,0,0,0,11.6,0,37.6,0,0,0,3722,39.7,1,0
52,26,1,1,1,0,0,3,3,0,2,0,30.89,111.7,65.3,13.2,73.6,1,0,0,0,17.2,0,41.2,0,0,1,4800,40,1,0
53,18,2,1,1,0,0,4,4,0,4,0,25.46,106.9,52,9.4,98.2,0,0,1,0,15.2,0,39.7,0,0,1,4342,40,1,1
54,41,1,1,1,0,0,2,0,2,0,0,34.63,88.8,71,12.8,62.2,0,0,0,0,20,0,36.9,1,1,1,4062,39,1,0
55,26,0,0,1,0,0,6,6,0,6,1,20.15,93.6,57.8,10.8,78.6,0,0,0,0,12.8,0,39.6,0,0,1,4358,40,0,0
56,15,1,1,1,0,0,3,3,0,3,0,26.57,87.3,53.8,,66.7,0,0,0,0,17.3,0,38.7,0,0,1,4348,37.8,1,0
57,16,1,0,1,0,0,2,1,0,1,1,29.16,94.2,51.3,9.8,86.8,0,0,0,0,17.5,0,37.4,0,1,1,4206,37.7,1,0
58,25,1,0,1,0,0,3,3,0,3,0,28.86,88,55.3,13.1,83.6,0,0,0,0,10.2,0,37.5,0,1,1,4151,39.4,1,0
59,39,1,0,1,0,0,1,1,0,1,0,26.05,99.8,65.1,,81.2,0,0,0,0,14.8,0,38.1,0,1,0,4085,38.8,1,0
60,36,0,0,1,0,0,4,4,0,4,0,27.53,96.4,75.4,11.1,74.4,0,0,0,0,12.6,0,39.3,0,0,1,4149,40,1,0
61,24,1,1,1,0,0,3,2,,2,0,19.95,78.4,61.1,11.7,,0,0,0,0,15.5,0,38.8,0,0,0,4107,38.2,1,0
62,26,1,0,1,0,0,1,1,0,1,0,30.88,112.7,63.5,11.7,82.6,0,0,0,0,7,0,38.9,0,0,1,4307,39.8,0,0
63,37,2,1,1,0,0,2,2,0,2,0,23.96,98.4,83.4,12,88.3,0,0,,0,11.2,0,39.4,0,0,0,4485,40,1,0
64,24,0,0,0,0,1,3,2,0,2,1,,74.9,43.5,11.5,114.3,0,1,0,0,11.5,0,39.2,0,1,0,4695,40,1,1
65,34,1,0,1,0,0,1,0,1,0,0,25.86,104.4,46.1,12,91.1,0,,0,0,13.6,0,40,0,1,0,4800,40,1,0
66,29,1,0,1,0,0,3,3,0,3,0,18.66,103.1,58.2,11.9,82.2,0,0,0,0,11.5,0,36.6,1,1,1,2234,40,0,0
67,29,1,0,1,0,0,3,3,0,3,0,41.3,108.9,78.9,9.9,85.8,0,0,,1,13.8,0,37.9,0,0,0,3276,37.3,1,0
68,29,2,0,1,0,0,3,3,0,3,0,33.05,92.7,64.1,,93.1,0,0,,0,9.1,0,36.5,1,1,0,3640,37.3,1,0
69,17,2,1,1,0,0,4,4,,4,0,22.83,111.9,56.6,8.7,89.7,0,0,0,0,20.2,0,38.4,0,0,0,3934,,1,0
70,22,,0,0,0,0,2,2,0,2,0,,86.7,58.8,13.3,80,0,0,0,0,10.2,0,39.3,0,0,0,4676,,1,0
71,25,1,0,1,0,0,1,0,0,0,0,22.25,111.6,46.7,10.7,76.3,0,0,0,0,6,0,38.9,0,1,1,4699,39.6,1,0
72,25,0,0,0,0,0,3,2,1,2,0,28.66,123.1,56.6,11.5,79.6,0,,0,0,17.6,0,38.3,0,0,0,4800,37.5,1,0
73,33,1,0,0,0,0,4,4,0,4,0,24.3,90.6,54.8,11.5,71.1,1,0,0,0,11.6,0,40.3,0,0,1,4800,40,1,0
74,27,1,1,0,0,0,3,3,0,3,0,23.16,98.4,53.1,11.2,99.1,0,0,0,0,17.1,0,38.5,0,0,0,4633,40,1,0
75,31,1,0,1,0,0,5,4,0,4,0,22.69,113.4,55.7,13.8,97.4,0,0,0,0,19.3,0,42,0,0,0,4800,40,1,0
76,23,0,0,1,0,0,2,1,0,1,1,35.75,93.3,64.8,10.6,60.6,0,0,0,0,12.9,0,39.9,0,0,1,3996,40,1,0
77,31,0,0,1,0,0,1,0,0,0,0,33.4,109.1,54.6,10.3,81.4,0,0,0,0,20.6,0,38.7,0,0,0,4348,39.1,1,0
78,35,,0,0,0,0,6,5,0,5,1,27.14,104,61.1,10.9,77.6,0,0,0,0,12.7,0,39.1,0,0,0,4409,40,0,0
79,20,0,0,1,0,0,1,1,0,1,0,29.76,98.4,75.8,12,86.2,0,0,,0,21.6,0,38.7,0,0,0,4230,40,1,0
80,28,1,0,0,0,0,1,1,0,1,0,22.27,100.1,59,14,,0,0,0,0,11.8,0,38.8,0,0,1,4181,,1,0
81,26,1,1,1,0,0,3,3,0,3,0,19.64,97.4,58.3,11.4,93.2,0,0,0,0,15.1,0,37.8,0,1,0,3636,38.2,1,0
82,24,1,0,0,0,0,1,1,0,1,0,19.12,96.6,52.6,11.7,81.5,0,0,0,0,17.4,0,39.6,0,0,1,4662,,1,0
83,26,0,0,1,0,0,3,3,0,3,0,28.33,90.5,65.4,10.4,,0,0,0,0,9,0,39.3,0,0,0,4800,40,1,0
84,21,1,0,0,0,0,1,1,0,1,0,23.12,92.7,55,9.6,72.4,0,0,0,0,15.8,0,38.5,0,0,0,4182,39.4,1,0
85,28,2,0,1,0,0,3,1,2,0,1,35.15,100.9,59.9,11.7,87.3,0,0,0,0,18.3,0,38.8,0,1,0,3852,40,1,0
86,29,1,1,1,0,0,4,4,0,4,0,28.8,86.4,52.9,10.5,76.9,1,0,0,0,6,0,38.5,0,0,1,3782,40,0,0
87,16,,0,0,0,0,2,2,0,2,0,27.52,96.6,59.7,10,85.6,0,0,0,0,13.7,0,38.9,0,0,1,3878,39.7,1,0
88,24,1,0,0,0,0,3,2,0,2,0,26.32,115,57.5,13.8,61.2,0,0,0,0,13.1,0,40.6,0,0,0,3828,,1,0
89,24,2,0,1,0,0,6,6,0,6,0,23.68,91.1,59.7,11.4,84.2,0,0,0,0,17.2,0,42,0,1,0,4800,,1,0
90,20,1,0,1,0,0,1,0,1,0,0,15,92.1,54.5,,83,0,0,1,0,13.5,0,40,0,0,0,4314,40,1,1
91,36,1,1,1,0,0,3,2,0,2,0,24.34,108.5,54.6,11.5,98.2,0,0,0,0,6,0,40.6,0,0,1,4088,40,0,0
92,28,1,0,1,0,0,3,3,0,3,0,22.78,99.2,64.5,9.6,92.9,0,0,0,0,16.9,0,41.8,0,0,1,4800,40,1,0
93,28,0,0,1,0,0,1,1,0,1,0,33.15,91.7,63.4,12.8,85.1,1,0,0,0,10.4,0,36.2,1,0,1,3681,37.6,1,0
94,29,1,0,1,0,0,1,1,0,1,0,22.59,87.9,57.2,10.1,87.4,0,0,0,0,9.8,0,39.4,0,0,0,4232,38.1,1,0
95,28,1,0,0,0,0,4,4,0,4,0,33.11,111.6,67.1,11.3,,0,0,0,0,15.1,0,40.1,0,0,1,4297,40,0,0
96,29,0,0,0,0,0,2,2,0,2,0,28.77,99.8,69.7,10.9,,0,0,0,0,10,0,39.8,0,0,0,4582,40,1,0
97,21,1,0,1,0,0,1,1,0,1,0,18,90.3,46.2,14.1,,0,0,0,0,17,0,40.9,0,0,1,4800,40,1,0
98,28,,0,0,0,0,1,1,0,1,0,21.55,89.7,56.1,12.9,82.1,0,0,,0,20.1,0,38,0,0,0,4141,39.9,1,0
99,34,2,0,1,0,0,1,0,0,0,0,24.71,121.4,60,11.4,,0,0,0,0,12.1,0,38.2,0,0,1,3899,38.5,1,0
100,33,0,0,0,0,0,2,1,0,1,1,20.9,86.7,67.4,11.8,87.5,0,0,0,0,14,0,40.9,0,1,1,4238,,1,0
101,15,1,0,1,0,0,4,4,0,4,0,29.38,95.9,47.1,13.3,71.4,0,0,0,0,16.2,0,38.8,0,1,0,3853,40,1,0
102,27,2,0,0,0,0,1,1,0,0,0,15,79.2,47.4,12.7,105.7,0,0,0,0,10.5,0,38,0,0,0,4242,38.7,1,0
103,33,2,0,1,0,0,4,4,0,4,1,21.91,108,58.4,10.1,,0,0,0,,12.2,0,38.1,0,1,0,3909,38.8,1,0
104,22,2,1,1,0,0,4,4,0,4,0,30,95.4,64.9,,,0,0,0,0,12.6,0,39.3,0,0,0,4800,40,1,0
105,26,1,0,1,0,0,2,0,1,0,0,27.79,99.1,68.4,12.3,,0,0,0,0,15.4,0,37.1,0,0,1,4558,37.5,1,0
106,22,0,0,1,0,0,3,2,0,2,0,26.04,102.9,66.1,10.3,59.8,0,0,0,0,17.5,0,38.3,0,0,0,4247,37.1,1,0
107,32,0,0,1,0,0,2,0,1,0,0,20.77,90.6,61.5,,64.3,0,0,0,0,11.8,0,37.5,0,0,0,3636,38.9,1,0
108,19,1,0,1,0,0,3,2,0,2,0,21.09,72.6,63.8,13.3,99.5,0,0,0,0,12.8,0,39.5,0,1,0,4678,40,0,0
109,24,0,0,1,0,0,5,5,0,4,0,27.15,93.8,65.2,11.9,98,0,0,0,0,24.9,0,38.5,0,0,1,4214,,1,0
110,21,2,1,1,0,0,2,2,0,2,0,23.99,96.5,50.3,13,73.9,0,0,0,0,14.6,0,40.5,0,1,0,4704,40,1,0
111,27,0,0,1,1,0,4,4,0,4,0,,103.3,61.4,14.4,82.9,0,0,0,0,13.1,0,38.1,0,0,1,3793,38.6,1,0
112,28,0,0,0,1,0,3,2,0,2,1,,115.9,63.6,11.8,83,0,0,0,0,7.5,0,38.6,0,1,0,3620,40,1,0
113,15,0,0,0,1,0,3,2,0,2,0,,98.3,49.4,10.8,82.6,0,0,0,0,12,0,37.7,0,0,1,4525,40,0,0
114,39,1,0,1,0,0,1,1,0,1,0,27.22,101.6,70.6,12.8,90.6,0,0,0,0,15.3,0,40.5,0,0,0,4800,40,1,0
115,20,1,0,0,0,0,4,4,0,4,0,27.52,100.5,66.2,13.3,85.2,1,0,0,0,19.2,0,38.9,0,1,0,4497,40,1,0
116,28,1,0,0,0,0,3,3,0,3,1,33.88,90.1,66.4,10.6,86.2,0,,0,0,6,0,39.1,0,0,1,4627,39.9,1,0
117,36,0,0,1,1,0,2,2,0,2,1,30.85,99.1,62.2,,74.2,0,0,0,0,11.3,0,40.4,0,1,1,4603,40,1,0
118,18,0,0,0,0,0,1,1,0,1,0,26.38,90.5,50.1,14.5,65.8,0,0,0,0,9.6,0,38.4,0,0,0,4024,,1,0
119,15,0,0,0,0,0,1,1,,1,0,,74,50,13.4,73.8,0,0,0,0,10.2,0,38.8,0,0,0,3504,40,1,0
120,26,0,0,0,0,0,1,1,0,1,0,22.07,91.7,58.8,10.7,103.6,0,0,0,0,15.8,0,38.9,0,0,1,3875,35.4,1,0
121,31,1,0,0,0,0,3,3,0,3,0,,85.4,63.8,11.5,81.4,0,0,0,0,14.4,0,40.6,0,0,1,4705,40,1,0
122,33,1,1,0,0,0,3,2,0,2,0,23.33,97.8,53.4,11.3,76.4,0,0,0,0,17,0,39.1,0,0,1,4531,39.4,1,0
123,23,,0,1,0,0,5,4,1,4,0,23.42,115.6,49.8,10.3,87.4,0,0,0,0,18.2,0,36.9,1,0,0,4294,40,1,1
124,17,1,0,1,0,0,2,2,0,2,0,20.84,79.3,42.5,10.4,,0,0,0,0,13.5,0,38.7,0,1,1,4318,,1,0
125,23,1,1,1,0,0,2,2,0,2,0,31.89,98.1,48.7,13.6,116.1,0,1,0,0,10.5,0,38.9,0,0,1,3699,40,1,1
126,32,0,0,1,0,0,4,4,,4,0,22.22,90.1,60.2,12.5,82.9,0,0,0,0,20.5,0,39.2,0,1,0,4701,39.4,1,0
127,27,1,1,1,0,0,1,0,0,0,0,19.65,90.5,57,12.8,76.7,0,,1,0,13.6,0,38.3,0,1,1,4005,40,1,1
128,27,2,0,1,0,0,7,7,0,7,0,29.63,115.8,65.7,10.7,73.3,0,0,0,0,12.7,0,40,0,0,1,4536,40,1,0
129,34,0,0,1,0,0,2,2,0,2,1,,92.6,66.6,10.1,74.4,0,,0,0,23,0,39.3,0,0,0,4688,40,1,0
130,17,1,0,0,0,0,4,3,0,3,1,19.25,78.5,50,9.6,85.4,0,0,1,0,16.2,0,40.6,0,0,1,4800,40,1,1
131,19,0,0,1,0,0,3,3,0,3,1,30.04,100.2,61.1,12.6,,0,,0,0,20.5,0,39.3,0,0,0,4436,39.5,1,0
132,23,1,0,1,0,0,1,1,0,1,0,28.72,87.3,57.4,10.3,78.7,0,0,0,0,18.4,0,38,0,0,1,3544,38.1,1,0
133,19,1,0,0,0,0,2,2,0,1,0,38.47,103,53.7,12.9,89.6,0,0,0,0,14.4,0,39.9,0,0,1,4529,40,1,0
134,26,2,1,1,0,0,1,1,0,0,1,,96.4,65,12.4,89.2,1,0,0,0,13.2,0,41.3,0,1,1,4800,40,1,0
135,15,1,0,0,0,0,1,0,0,0,0,18.69,78.1,44.7,,96.3,0,0,0,0,15.3,0,39.9,0,0,1,4226,39.8,1,0
136,30,0,0,0,0,0,2,2,0,2,0,35.44,115.8,69.8,9.8,90,0,0,0,0,15.1,0,42,0,0,1,4800,40,1,0
137,30,0,0,0,0,0,3,3,0,3,1,28.78,91.1,68.3,12.7,86.1,0,0,0,0,15.8,0,41,0,0,1,4449,40,1,0
138,31,1,0,1,0,0,2,2,0,2,0,25.46,102,64.8,,66.5,0,0,0,0,6,0,41.9,0,0,1,4800,40,1,0
139,22,0,1,1,0,0,2,2,0,2,0,22.78,87.4,54.6,11.1,98.8,0,0,0,0,12.6,0,40.1,0,0,1,4800,40,1,0
140,19,0,0,1,0,0,2,1,0,1,0,26.63,87.2,70,10.5,105,0,0,0,0,12.1,0,36.8,1,1,0,3530,35.4,1,1
141,34,1,0,1,0,0,2,0,1,0,0,26.71,90.4,69.8,12.2,87.1,1,0,0,0,21.4,0,39.8,0,0,1,4378,39.3,1,0
142,29,0,0,1,0,0,3,3,0,2,0,22.68,86.3,63.1,12.1,66.1,0,0,,0,15.1,0,39.1,0,0,0,4408,40,1,0
143,24,2,0,1,0,0,1,0,0,0,0,31.5,93,61.2,12.6,77.5,0,0,0,0,15.5,0,40.8,0,0,1,4800,40,1,0
144,35,1,0,1,0,0,2,2,0,2,0,20.63,80,58.6,13.3,88.8,0,0,0,0,12.2,0,39.9,0,0,0,4680,38.7,1,0
145,28,0,0,1,0,0,2,2,0,2,0,22.9,99.1,49.7,13.2,,0,,1,0,11.2,0,35,1,0,0,3520,36.9,1,1
146,27,1,0,1,0,0,4,4,0,4,0,17.17,102,54.5,13.1,,0,0,0,0,12.6,0,41.8,0,0,0,4800,,0,0
147,26,,0,1,0,0,2,1,0,1,0,25.73,101.7,49.1,12.9,65.9,0,,0,0,16,0,37.1,0,0,1,3271,38.2,1,0
148,37,0,1,1,0,0,3,2,1,2,0,35.62,93.7,66.6,12.5,70.9,0,0,0,,9.4,0,36.7,1,0,0,3836,36.3,1,1
149,21,1,0,1,0,0,2,1,0,1,1,28.11,92.8,60.9,13.3,92.8,0,0,0,0,15.3,0,41.6,0,0,1,4492,40,1,0
150,32,0,1,0,0,0,3,3,0,3,0,,115.1,56.5,11.5,,0,0,0,0,9.6,0,39.9,0,1,1,4562,38.4,1,0
151,30,0,0,0,1,1,1,0,0,0,0,30.56,95.7,73.5,12.7,110.4,0,0,0,0,17.2,0,42,0,0,1,4800,40,1,0
152,29,1,0,1,0,0,3,0,2,0,0,23.08,94.8,55.3,11.7,88.6,0,0,0,0,21.1,0,39.1,0,0,0,4543,37.5,1,0
153,20,,0,1,0,0,2,1,,1,0,21.02,92.1,62.3,,80.5,0,0,0,0,11.8,0,37.2,0,0,0,4391,37.4,1,0
154,23,0,0,1,0,0,2,1,0,1,1,30.22,76,68.2,13.5,,0,0,0,0,17,0,40.4,0,1,1,4522,40,1,0
155,24,,0,1,0,0,1,0,0,0,0,23.75,106.3,49,11.1,75.4,1,0,0,0,13.6,0,37.4,0,0,1,4056,,1,0
156,27,2,0,1,0,0,1,1,0,1,0,22.61,95.2,56.4,11.4,88.3,0,0,0,0,15.7,0,40.8,0,1,1,4800,40,1,0
157,19,0,0,1,0,0,1,0,0,0,0,35.72,105.8,68.7,11.4,71.7,0,0,0,0,16.9,0,39.2,0,1,1,4287,,1,0
158,35,1,1,1,0,0,2,1,0,1,0,24.44,102.1,59.7,11.6,85,1,0,1,0,15.7,0,38.6,0,0,1,4357,39.9,1,1
159,33,0,0,0,1,0,4,4,0,4,0,,117.9,75.6,12.7,73.1,0,0,0,0,11.5,0,37.6,0,1,0,4083,40,1,0
160,30,2,1,1,0,0,1,1,0,0,0,31.33,103.3,67.4,10.9,81.3,0,0,0,0,16,0,40.2,0,0,0,4800,40,1,0
161,19,0,0,1,0,0,4,0,3,0,0,,107.2,53.1,11.1,84.4,1,0,0,0,16.6,0,39.4,0,0,1,4409,38.9,1,0
162,31,,0,0,0,0,3,1,1,1,0,,88.5,50.7,9.4,91.1,0,0,0,0,12.4,0,39.2,0,0,1,4473,39.5,1,0
163,28,0,0,0,0,0,3,3,0,3,0,19.39,91.3,64.3,8.8,,1,0,0,0,14.3,0,39.2,0,0,0,4800,40,1,0
164,21,0,0,1,0,0,2,0,1,0,0,26.05,94.6,51.9,11.8,69.7,0,0,0,0,14.7,0,38.2,0,0,1,3949,40,1,0
165,27,2,0,1,0,0,4,3,0,3,1,21.72,89.9,61.3,9.7,,0,0,0,0,15.9,0,36.5,1,1,1,3625,38.1,1,0
166,23,,0,1,0,0,1,1,0,1,0,,89.1,59.2,14.7,63,1,0,0,0,13.8,0,36.3,1,1,0,2605,37.4,0,1
167,16,1,0,1,0,0,3,3,0,3,1,26.14,83.7,61,13.7,81.2,0,0,0,0,15,0,38.4,0,0,0,4111,38.2,1,0
168,26,0,0,1,0,0,2,1,0,1,0,26.47,90.9,50.6,12.4,,0,0,0,0,6,0,38.4,0,0,0,4296,40,1,0
169,31,,0,0,0,0,3,2,0,2,0,31.85,104,57.5,,97.6,0,0,0,0,13.4,0,41.4,0,1,0,4800,40,1,0
170,28,1,0,1,0,0,2,2,0,1,1,32.33,130.7,68.7,12.3,72.9,0,0,0,0,13.8,0,40.2,0,0,0,4608,40,1,0
171,25,1,0,0,0,0,3,3,0,3,0,25.34,90.1,49.2,11.4,115.6,0,0,0,0,18.5,0,38.7,0,0,1,3199,39.6,0,0
172,37,0,0,1,0,0,2,2,0,2,0,16.42,104.4,60.7,14.1,99.6,0,0,0,0,7.2,0,39.9,0,0,0,4800,40,1,0
173,15,1,0,1,0,1,1,0,0,0,0,27.92,77.6,62.9,11.7,110.7,0,0,0,,14.5,0,39.6,0,1,0,4345,40,0,0
174,18,1,0,1,1,0,2,1,0,1,0,25.84,87,63.8,,91,0,0,0,0,17.5,0,38,0,0,0,4158,37.4,1,0
175,18,0,0,1,0,0,2,2,0,2,0,25.42,90.7,53.6,12.3,106.3,0,0,1,0,9.8,0,39.9,0,0,1,4800,39.9,1,1
176,22,2,0,1,0,0,2,0,2,0,0,23.32,85.5,61.1,11.9,92.3,0,0,1,0,12.6,0,38.1,0,1,1,4671,37.4,1,1
177,17,1,1,1,0,1,1,0,,0,0,30.47,82.5,65.1,13,113.7,0,0,0,0,16.3,0,39.3,0,0,1,3887,40,1,0
178,24,0,0,1,0,0,2,2,0,1,0,16.78,96.1,62.9,9.6,87.9,0,0,0,0,18,0,39.2,0,0,1,4800,38.9,1,0
179,28,0,0,1,0,0,4,4,0,3,0,23.9,90.3,64.5,12,,0,0,0,0,12.8,0,36.7,1,0,1,4154,36.8,1,0
180,21,2,0,1,0,0,1,1,0,1,0,18.3,74.9,65.3,11.8,85.9,0,0,0,0,14.2,0,39.3,0,0,1,4719,38.8,1,0
181,30,1,1,1,0,0,3,3,0,3,0,26.6,105.2,61.2,10.9,95.1,0,0,0,0,11.6,0,39.3,0,1,0,4721,,1,0
182,26,0,0,1,0,0,1,1,0,1,0,29.93,106.6,67.9,11,98.4,0,0,1,0,9.9,0,39,0,0,1,4233,39.1,1,1
183,28,2,0,0,0,0,2,2,0,2,0,30.9,105.2,73.3,13.8,96.3,0,0,0,0,12.3,0,39.7,0,0,0,4526,39.3,1,0
184,25,1,0,1,0,0,3,2,0,2,0,32.84,90.3,53,14.5,,0,0,0,0,9.3,0,41.1,0,0,1,4800,40,1,0
185,36,,0,1,0,0,4,4,0,4,0,25.53,109,58.8,11.4,58.7,0,0,0,0,14.6,0,38.4,0,0,1,4279,40,1,0
186,25,,0,0,0,0,2,1,0,1,0,26.58,107.6,46.6,10,65.7,0,0,0,0,13.7,0,41,0,0,1,4219,40,1,0
187,22,1,0,0,0,0,1,1,0,1,0,25.99,109.2,57.8,10.9,,0,0,0,0,11,0,39.7,0,0,0,4722,40,1,0
188,24,1,0,1,0,0,3,1,1,1,0,31.48,96.6,56,11.9,102,0,0,0,0,14.3,0,40.6,0,0,0,4730,40,1,0
189,25,0,0,1,0,0,6,6,0,6,0,31.98,90.3,68.8,11.4,84.8,0,0,0,0,16.4,0,37.7,0,0,1,3604,38,0,0
190,31,0,0,1,0,0,3,3,0,3,0,29.76,102.4,59,13.2,83.6,0,0,0,0,11.2,0,37.5,0,0,0,3890,38.2,1,0
191,24,0,1,1,0,1,1,0,0,0,0,28.56,84.2,51.1,12.8,92.4,0,0,0,0,17.2,0,38.7,0,0,1,4505,37.6,1,0
192,27,2,0,1,0,0,4,4,0,4,0,15,76.6,53.3,,,0,0,0,0,17.5,0,40.5,0,0,1,4800,40,1,0
193,22,1,0,1,0,0,5,4,0,4,1,25.22,102.4,66.7,,99.2,1,0,0,0,7.7,0,40.5,0,0,1,4709,40,1,0
194,31,1,0,1,0,0,4,4,0,4,0,31.28,95,60.8,12.3,77.5,0,0,0,0,11.7,0,38.8,0,0,1,4222,39.5,1,0
195,36,0,0,1,1,0,3,3,,3,0,22.62,108.1,72.3,10.5,80.8,1,0,,0,16.3,0,40.9,0,0,0,4602,40,1,0
196,28,2,0,1,1,0,3,2,0,2,0,36.16,101.9,72.2,12.5,,0,0,0,0,7,0,41.7,0,1,0,4275,40,1,0
197,43,1,0,1,0,0,5,4,0,4,0,,89.3,64.8,14.4,96.7,0,0,0,0,12.3,0,36.6,1,1,0,3762,37.9,1,1
198,18,1,0,1,0,0,2,0,1,0,0,22.32,95.2,49.8,11.6,89.1,0,0,0,0,13.2,0,34.6,1,1,1,2515,36.3,1,0
199,25,1,0,1,0,0,1,1,0,1,1,28.47,107.1,57.5,,79.9,0,0,0,0,20.6,0,36.9,1,0,0,4195,36,1,1
200,29,2,1,0,0,0,6,6,0,6,0,28.11,91.3,63.6,10.5,,1,0,0,0,16.2,1,40.4,0,0,0,4603,40,1,0
